<?xml version="1.0" encoding="UTF-8"?>
<project-private xmlns="http://www.netbeans.org/ns/project-private/1">
    <editor-bookmarks xmlns="http://www.netbeans.org/ns/editor-bookmarks/2" lastBookmarkId="0"/>
    <open-files xmlns="http://www.netbeans.org/ns/projectui-open-files/2">
        <group>
            <file>file:/C:/Users/josem/OneDrive/Documentos/NetBeansProjects/TRES%20EN%20RAYA/src/ParteLogica/Tablero.java</file>
            <file>file:/C:/Users/josem/OneDrive/Documentos/NetBeansProjects/TRES%20EN%20RAYA/src/Visual/PantallaInicio.java</file>
            <file>file:/C:/Users/josem/OneDrive/Documentos/NetBeansProjects/TRES%20EN%20RAYA/src/Visual/Pantalla.java</file>
            <file>file:/C:/Users/josem/OneDrive/Documentos/NetBeansProjects/TRES%20EN%20RAYA/src/ParteLogica/Script.java</file>
            <file>file:/C:/Users/josem/OneDrive/Documentos/NetBeansProjects/TRES%20EN%20RAYA/src/ParteLogica/Player.java</file>
            <file>file:/C:/Users/josem/OneDrive/Documentos/NetBeansProjects/TRES%20EN%20RAYA/src/ParteLogica/Main.java</file>
            <file>file:/C:/Users/josem/OneDrive/Documentos/NetBeansProjects/TRES%20EN%20RAYA/src/Visual/Elector.java</file>
        </group>
    </open-files>
</project-private>
